Supplier parent,Spending Quartile,Concentration risks,Concentration Minimum,Calculated Concentration Risk Old,Concentration Breadth Risk,Calculated Concentration Risk,Spend x CR,CL,Min CL,CL Metric,CL Metric Normalized,Spend x CR Normalized,Calculated Concentration Risk Normalized,Max Notional Risk,Max Notional Risk Count,Calculated Notional Risk,Calculated Notional Risk Normalized,Business Risk,Business Disruption,Consumer Impact,data_classification_1,privacy_data_types,jjnet_connectivity,hosting,Data Risk,Data Risk Normalized,Cyber Risk,Cyber Risk Normalized,Tech Risk,Tech Risk Normalized,Sector,Family,BPRA Triage Risk,Supplier Size,Ability to Influence,In HOI List,Rule Updated BPRA Triage Risk,Inherent Risk Prediction
4F SERVICIOS INTEGRALES EN COMUNICACION,1,"[1565, 996, 393]",393,1.15,3,1.7,1.7,,,,0,0.14,0.14,7,3,1.32,0.58,0.72,0.14,0.58,1,1,1,1,2,0.33,2,0.33,0.67,0,"['JANSSEN', 'MEDICAL DEVICES', 'CONSUMER']",['Marketing'],,,,FALSE,,Low
4ICREATIVE,1,"[838, 1199, 164, 218, 1565, 662, 1650, 1820]",164,1.53,8,2.91,2.91,,,,0,0.24,0.24,7,2,1.15,0.46,0.69,0.24,0.46,1,1,1,1,2,0.33,2,0.33,0.67,0,['JANSSEN'],"['Marketing', 'Business Services']",Medium,,,FALSE,Medium,Low
4IG NYRT.,0.25,"[130, 213]",130,1.63,2,2.12,0.53,,,,0,0.04,0.17,9,2,1.26,0.53,0.18,0.04,0.13,3,1,1,1,4,0.67,2,0.33,1,0.25,"['CONSUMER', 'MEDICAL DEVICES']",['Business Services'],,,,FALSE,,High
4IMPRINT,0.75,"[593, 755, 893, 4008, 342, 250, 158, 718, 1160, 382, 327, 49, 650, 809, 1024, 1036, 218, 159, 1820, 1889, 970, 974, 263, 1585, 5578]",49,2.06,25,4.93,3.7,,,,0,0.3,0.4,9,1,0.95,0.33,0.55,0.3,0.24,3,3,1,1,6,1,2,0.33,1.33,0.5,"['CONSUMER', 'CONSUMER MEDICAL DEVICES', 'CORPORATE', 'JANSSEN', 'MEDICAL DEVICES']","['Capital, Construction and Facility Services', 'Business Services', 'Uncategorized', 'Marketing', 'Logistics']",,501-1000,High,FALSE,,High
4IMPRINT INC,0.5,"[504, 662, 650]",504,1.04,3,1.54,0.77,,,,0,0.06,0.13,7,3,1.32,0.58,0.35,0.06,0.29,1,1,1,1,2,0.33,2,0.33,0.67,0,"['CONSUMER', 'JANSSEN', 'MEDICAL DEVICES']",['Marketing'],,Nov-50,Medium,FALSE,,Low
ACCU PAD INC,0.75,[429],429,1.11,1,1.11,0.84,[3.0],3,0.12,0.06,0.07,0.09,8,1,0.9,0.29,0.33,0.07,0.26,1,1,1,1,2,0.33,2,0.33,0.67,0,['CONSUMER MEDICAL DEVICES'],"['Capital, Construction and Facility Services']",,,,FALSE,,Low
ACCU TUBE CORPORATION,0.25,"[1197, 1218]",1197,0.67,2,0.87,0.22,,,,0,0.02,0.07,8,1,0.9,0.29,0.09,0.02,0.07,1,1,1,1,2,0.33,2,0.33,0.67,0,['MEDICAL DEVICES'],['R&D'],,Nov-50,Medium,FALSE,,Low
ACCUFLOW SYSTEMS INC,1,[2096],2096,0.43,1,0.43,0.43,,,,0,0.03,0.03,8,1,0.9,0.29,0.33,0.03,0.29,1,1,1,1,2,0.33,2,0.33,0.67,0,['JANSSEN'],['R&D'],,10-Jan,Low,FALSE,,Low
ACCUMOLD,1,"[1051, 1197, 158]",158,1.55,3,2.29,2.29,,,,0,0.19,0.19,8,2,1.2,0.5,0.68,0.19,0.5,2,1,1,1,3,0.5,2,0.33,0.83,0.12,['MEDICAL DEVICES'],"['Capital, Construction and Facility Services', 'R&D', 'Supply Chain Materials and Products']",,201-500,High,FALSE,,Medium
ACCUPAC,1,"[75, 1197, 88, 40]",40,2.14,4,3.44,3.44,"[2.0, 2.0]",2,0.6,0.29,0.28,0.28,10,1,1,0.36,0.93,0.28,0.64,2,1,1,1,3,0.5,2,0.33,0.83,0.12,"['CONSUMER', 'MEDICAL DEVICES', 'CONSUMER MEDICAL DEVICES']","['Supply Chain Materials and Products', 'R&D', 'Logistics']",,201-500,High,TRUE,,High
ACCUPLAST,1,[435],435,1.11,1,1.11,1.11,,,,0,0.09,0.09,7,1,0.85,0.25,0.34,0.09,0.25,2,1,1,1,3,0.5,2,0.33,0.83,0.12,['CONSUMER'],['Supply Chain Materials and Products'],,,,FALSE,,Medium
ACCURA ADVOKATAKTIESELSKAB,0.25,"[133, 493]",133,1.62,2,2.11,0.53,,,,0,0.04,0.17,7,1,0.85,0.25,0.11,0.04,0.06,3,3,1,1,6,1,2,0.33,1.33,0.5,"['CONSUMER MEDICAL DEVICES', 'MEDICAL DEVICES']",['Business Services'],,,,FALSE,,High
ACCURASCIENCE LLC,0.75,[457],457,1.09,1,1.09,0.81,,,,0,0.07,0.09,8,1,0.9,0.29,0.28,0.07,0.22,1,1,1,1,2,0.33,2,0.33,0.67,0,['JANSSEN'],['R&D'],Low,,,FALSE,Low,Low
ACCURATE INSTRUMENT REPAIR,1,"[14, 615, 455, 344, 1829, 1051, 1218]",14,2.6,7,4.8,4.8,[2.0],2,0.3,0.14,0.39,0.39,8,4,1.51,0.7,1.24,0.39,0.84,1,1,1,1,2,0.33,2,0.33,0.67,0,['MEDICAL DEVICES'],"['R&D', 'Capital, Construction and Facility Services']",,Nov-50,Medium,FALSE,,Medium
ACCURATE MANUFACTURING INC,1,[1310],1310,0.63,1,0.63,0.63,,,,0,0.05,0.05,7,1,0.85,0.25,0.3,0.05,0.25,1,1,1,1,2,0.33,2,0.33,0.67,0,['JANSSEN'],"['Capital, Construction and Facility Services']",,10-Jan,Low,FALSE,,Low
ACCURATE SCREW MACHINE CORP,0.25,[142],142,1.59,1,1.59,0.4,[3.0],3,0.12,0.06,0.03,0.13,7,1,0.85,0.25,0.11,0.03,0.08,2,1,1,1,3,0.5,2,0.33,0.83,0.12,['MEDICAL DEVICES'],['Supply Chain Materials and Products'],,51-200,High,FALSE,,High
ACCURATE SOLUTIONS,0.5,"[429, 225]",225,1.39,2,1.81,0.91,,,,0,0.07,0.15,9,1,0.95,0.33,0.24,0.07,0.16,1,1,1,1,2,0.33,2,0.33,0.67,0,['CONSUMER MEDICAL DEVICES'],"['Capital, Construction and Facility Services']",,Nov-50,Medium,FALSE,,Low
ACCURATE SOLUTIONS & DESIGNS,0.75,"[429, 544]",429,1.11,2,1.45,1.09,,,,0,0.09,0.12,8,1,0.9,0.29,0.31,0.09,0.22,1,1,1,1,2,0.33,2,0.33,0.67,0,"['CONSUMER MEDICAL DEVICES', 'MEDICAL DEVICES']","['Capital, Construction and Facility Services']",,,,FALSE,,Low
ACCURATUS AG,1,[1829],1829,0.48,1,0.48,0.48,[3.0],3,0.12,0.06,0.04,0.04,8,1,0.9,0.29,0.39,0.04,0.35,1,1,1,1,2,0.33,2,0.33,0.67,0,['MEDICAL DEVICES'],"['Capital, Construction and Facility Services']",,10-Jan,Low,FALSE,,Low
ACCURITY GMBH,1,[425],425,1.12,1,1.12,1.12,,,,0,0.09,0.09,9,1,0.95,0.33,0.42,0.09,0.33,1,1,1,3,2,0.33,4,0.67,1,0.25,['JANSSEN'],['Business Services'],,51-200,High,FALSE,,High
ACCUSCIENCE IRELAND LTD,0.75,[2096],2096,0.43,1,0.43,0.32,,,,0,0.03,0.03,8,1,0.9,0.29,0.24,0.03,0.22,1,1,1,1,2,0.33,2,0.33,0.67,0,['JANSSEN'],['R&D'],,,,FALSE,,Low
ACCUTECH POWER SOLUTIONS,0.25,[1160],1160,0.68,1,0.68,0.17,,,,0,0.01,0.06,7,1,0.85,0.25,0.08,0.01,0.06,1,1,1,1,2,0.33,2,0.33,0.67,0,['CONSUMER'],"['Capital, Construction and Facility Services']",,,,FALSE,,Low
ACCUTEK LABORATORIES,0.25,"[128, 2096]",128,1.64,2,2.13,0.53,,,,0,0.04,0.17,9,1,0.95,0.33,0.13,0.04,0.08,2,1,1,1,3,0.5,2,0.33,0.83,0.12,['JANSSEN'],"['Supply Chain Materials and Products', 'R&D']",,Nov-50,Medium,FALSE,,Medium
ACCUTEST,0.75,[698],698,0.9,1,0.9,0.68,,,,0,0.06,0.07,7,1,0.85,0.25,0.24,0.06,0.19,1,1,1,1,2,0.33,2,0.33,0.67,0,['MEDICAL DEVICES'],"['Capital, Construction and Facility Services']",,10-Jan,Low,FALSE,,Low
ACE ANIMALS,1,"[457, 2096, 114]",114,1.69,3,2.5,2.5,,,,0,0.2,0.2,8,1,0.9,0.29,0.49,0.2,0.29,1,1,1,1,2,0.33,2,0.33,0.67,0,['JANSSEN'],['R&D'],,,,FALSE,,Low
ACE COMMERCIAL,0.25,[49],49,2.06,1,2.06,0.51,,,,0,0.04,0.17,6,1,0.78,0.21,0.09,0.04,0.05,3,3,1,1,6,1,2,0.33,1.33,0.5,['MEDICAL DEVICES'],['Business Services'],,Nov-50,Medium,FALSE,,High
ACE CONTROL SYSTEMS,0.75,[1829],1829,0.48,1,0.48,0.36,,,,0,0.03,0.04,8,1,0.9,0.29,0.25,0.03,0.22,1,1,1,1,2,0.33,2,0.33,0.67,0,['MEDICAL DEVICES'],"['Capital, Construction and Facility Services']",,Nov-50,Medium,FALSE,,Low
ACE CORRUGATED LTD,0.5,[391],391,1.15,1,1.15,0.58,,,,0,0.05,0.09,7,1,0.85,0.25,0.17,0.05,0.13,2,1,1,1,3,0.5,2,0.33,0.83,0.12,['MEDICAL DEVICES'],['Supply Chain Materials and Products'],,,,FALSE,,Medium
ACE DELIVERY ENTERPRISES,1,"[405, 263, 72, 215]",72,1.89,4,3.03,3.03,,,,0,0.25,0.25,8,1,0.9,0.29,0.54,0.25,0.29,1,1,1,1,2,0.33,2,0.33,0.67,0,"['CONSUMER', 'MEDICAL DEVICES', 'CONSUMER MEDICAL DEVICES', 'JANSSEN']",['Logistics'],,,,FALSE,,Medium
ACE ELECTRONIC SCALE,0.25,[4008],4008,0.14,1,0.14,0.04,,,,0,0,0.01,6,1,0.78,0.21,0.05,0,0.05,1,1,1,1,2,0.33,2,0.33,0.67,0,['CONSUMER'],['Uncategorized'],,,,FALSE,,Low
ACE ENGINEERING INC,1,"[1310, 2096, 333, 221, 105]",105,1.73,5,2.93,2.93,,,,0,0.24,0.24,8,1,0.9,0.29,0.53,0.24,0.29,1,1,1,1,2,0.33,2,0.33,0.67,0,['JANSSEN'],"['Capital, Construction and Facility Services', 'R&D']",,51-200,High,FALSE,,Low
ACE GROUP,1,"[179, 4008, 21, 175, 5578, 1160, 49, 327, 126, 1036, 974]",21,2.42,11,4.95,4.95,,,,0,0.41,0.41,8,3,1.38,0.62,1.02,0.41,0.62,3,3,1,1,6,1,2,0.33,1.33,0.5,"['JANSSEN', 'CONSUMER', 'MEDICAL DEVICES', 'CONSUMER MEDICAL DEVICES', 'CORPORATE']","['Business Services', 'Uncategorized', 'Supply Chain Materials and Products']",,Nov-50,Medium,FALSE,,High
ACE HARDWARE,0.75,[23],23,2.38,1,2.38,1.79,,,,0,0.15,0.2,7,1,0.85,0.25,0.33,0.15,0.19,2,1,1,1,3,0.5,2,0.33,0.83,0.12,['CONSUMER'],['Supply Chain Materials and Products'],,5001-10000,Medium,FALSE,,Medium
ACE HOTEL,0.75,"[394, 893, 4008, 701, 472, 742, 1585, 504]",394,1.15,8,2.19,1.64,,,,0,0.13,0.18,7,1,0.85,0.25,0.32,0.13,0.19,1,1,1,1,2,0.33,2,0.33,0.67,0,"['CONSUMER', 'JANSSEN', 'MEDICAL DEVICES']","['Marketing', 'Business Services', 'Uncategorized']",,201-500,High,FALSE,,Low
ACE INDUSTRIES,0.5,"[844, 175, 455]",175,1.5,3,2.22,1.11,,,,0,0.09,0.18,7,2,1.15,0.46,0.32,0.09,0.23,3,3,1,1,6,1,2,0.33,1.33,0.5,"['JANSSEN', 'MEDICAL DEVICES']","['Capital, Construction and Facility Services', 'Business Services']",,201-500,High,FALSE,,High
ACE NETWORK,0.25,[4008],4008,0.14,1,0.14,0.04,,,,0,0,0.01,6,1,0.78,0.21,0.05,0,0.05,1,1,1,1,2,0.33,2,0.33,0.67,0,['CONSUMER'],['Uncategorized'],,,,FALSE,,Low
ACE RESEARCH (AFRICA CLINICAL RESEARCH MANAGEMENT),1,[166],166,1.53,1,1.53,1.53,,,,0,0.13,0.13,8,1,0.9,0.29,0.42,0.13,0.29,3,3,1,1,6,1,2,0.33,1.33,0.5,['JANSSEN'],['R&D'],High,,,FALSE,High,High
ACE REVESTIMENTOS LTDA,0.5,"[358, 401]",358,1.19,2,1.55,0.78,,,,0,0.06,0.13,8,2,1.2,0.5,0.31,0.06,0.25,1,1,1,1,2,0.33,2,0.33,0.67,0,"['CONSUMER', 'JANSSEN']","['Capital, Construction and Facility Services']",,,,FALSE,,Low
ACE STOSSDAEMPFER,0.5,[174],174,1.51,1,1.51,0.75,,,,0,0.06,0.12,7,1,0.85,0.25,0.19,0.06,0.13,2,1,1,1,3,0.5,2,0.33,0.83,0.12,['MEDICAL DEVICES'],['Supply Chain Materials and Products'],,,,FALSE,,Medium
ACE TRAVELS,1,[222],222,1.4,1,1.4,1.4,,,,0,0.11,0.11,5,1,0.7,0.15,0.27,0.11,0.15,1,1,1,1,2,0.33,2,0.33,0.67,0,['JANSSEN'],['Business Services'],,51-200,High,FALSE,,Low
ACEA BIOSCIENCES INC,1,"[491, 2096]",491,1.06,2,1.37,1.37,,,,0,0.11,0.11,9,1,0.95,0.33,0.44,0.11,0.33,1,1,1,3,2,0.33,4,0.67,1,0.25,['JANSSEN'],"['Business Services', 'R&D']",,501-1000,High,FALSE,,High
ACEBEY S A,1,"[135, 241, 109, 36, 1746, 117]",36,2.19,6,3.89,3.89,,,,0,0.32,0.32,8,2,1.2,0.5,0.81,0.32,0.5,3,3,1,1,6,1,2,0.33,1.33,0.5,"['JANSSEN', 'CONSUMER', 'CONSUMER MEDICAL DEVICES', 'MEDICAL DEVICES']","['Logistics', 'Business Services']",,,,FALSE,,High
ACEFAS,0.75,[1095],1095,0.71,1,0.71,0.53,,,,0,0.04,0.06,8,1,0.9,0.29,0.26,0.04,0.22,3,3,1,1,6,1,2,0.33,1.33,0.5,['JANSSEN'],['Business Services'],,201-500,High,FALSE,,High
ACELITY,1,[724],724,0.89,1,0.89,0.89,,,,0,0.07,0.07,7,1,0.85,0.25,0.32,0.07,0.25,1,1,1,1,2,0.33,2,0.33,0.67,0,['MEDICAL DEVICES'],"['Capital, Construction and Facility Services']",,1001-5000,Medium,FALSE,,Low
ACELITY L P INC,1,"[281, 40]",40,2.14,2,2.79,2.79,,,,0,0.23,0.23,10,1,1,0.36,0.59,0.23,0.36,2,1,1,1,3,0.5,2,0.33,0.83,0.12,"['MEDICAL DEVICES', 'CONSUMER MEDICAL DEVICES']",['Supply Chain Materials and Products'],,Nov-50,Medium,FALSE,,Medium
ACELLERA LTD.,1,[117],117,1.68,1,1.68,1.68,,,,0,0.14,0.14,8,1,0.9,0.29,0.43,0.14,0.29,1,1,1,1,2,0.33,2,0.33,0.67,0,['JANSSEN'],['R&D'],,Nov-50,Medium,FALSE,,Low
ACENGAGE INFOSERVICES,0.25,"[1036, 382, 974]",382,1.16,3,1.72,0.43,,,,0,0.04,0.14,8,2,1.2,0.5,0.16,0.04,0.12,3,3,1,1,6,1,2,0.33,1.33,0.5,"['JANSSEN', 'MEDICAL DEVICES']",['Business Services'],,,,FALSE,,High
ACENS TECHNOLOGIES SL,0.25,"[644, 447]",447,1.1,2,1.43,0.36,,,,0,0.03,0.12,9,2,1.26,0.53,0.16,0.03,0.13,3,3,1,1,6,1,2,0.33,1.33,0.5,"['JANSSEN', 'MEDICAL DEVICES']",['Business Services'],High,,,FALSE,High,High
ACEPAK,0.5,[1701],1701,0.52,1,0.52,0.26,,,,0,0.02,0.04,8,1,0.9,0.29,0.17,0.02,0.15,1,1,1,1,2,0.33,2,0.33,0.67,0,['CONSUMER'],"['Capital, Construction and Facility Services']",,,,FALSE,,Low
ACEPREMIER.COM SDN BHD,0.75,[241],241,1.36,1,1.36,1.02,,,,0,0.08,0.11,8,1,0.9,0.29,0.3,0.08,0.22,2,1,1,1,3,0.5,2,0.33,0.83,0.12,['CONSUMER'],['Logistics'],,,,FALSE,,Medium
ACER EXHIBITS & EVENTS,0.5,[393],393,1.15,1,1.15,0.58,,,,0,0.05,0.09,7,1,0.85,0.25,0.17,0.05,0.13,1,1,1,1,2,0.33,2,0.33,0.67,0,['CONSUMER'],['Marketing'],,,,FALSE,,Low
ACERH GROUP,0.75,[173],173,1.51,1,1.51,1.13,,,,0,0.09,0.12,8,1,0.9,0.29,0.31,0.09,0.22,3,3,1,1,6,1,2,0.33,1.33,0.5,['CONSUMER'],['Business Services'],,,,FALSE,,High
ACERTA,1,"[11, 165, 426, 974, 497]",11,2.71,5,4.6,4.6,,,,0,0.38,0.38,8,2,1.2,0.5,0.87,0.38,0.5,3,3,1,3,6,1,4,0.67,1.67,0.75,"['CORPORATE', 'MEDICAL DEVICES', 'JANSSEN']","['R&D', 'Business Services']",High,51-200,High,FALSE,High,High
ACERTARA LABS,0.75,[281],281,1.3,1,1.3,0.97,,,,0,0.08,0.11,9,1,0.95,0.33,0.32,0.08,0.24,2,1,1,1,3,0.5,2,0.33,0.83,0.12,['MEDICAL DEVICES'],['Supply Chain Materials and Products'],,Nov-50,Medium,FALSE,,Medium
ACERTYS HEALTHCARE N V,0.25,[491],491,1.06,1,1.06,0.26,,,,0,0.02,0.09,9,1,0.95,0.33,0.1,0.02,0.08,1,1,1,3,2,0.33,4,0.67,1,0.25,['JANSSEN'],['Business Services'],,,,FALSE,,High
ACES CONSULTING SAS,0.5,"[345, 139]",139,1.6,2,2.09,1.04,,,,0,0.09,0.17,9,1,0.95,0.33,0.25,0.09,0.16,3,3,1,3,6,1,4,0.67,1.67,0.75,"['CONSUMER', 'CORPORATE']",['Business Services'],,,,FALSE,,High
ACES LEARNING HUB PTE LTD,0.5,[807],807,0.84,1,0.84,0.42,,,,0,0.03,0.07,8,1,0.9,0.29,0.18,0.03,0.15,3,3,1,1,6,1,2,0.33,1.33,0.5,['CONSUMER'],['Business Services'],,,,FALSE,,High
ACESO GLOBAL,0.5,"[53, 193]",53,2.02,2,2.63,1.32,,,,0,0.11,0.22,7,1,0.85,0.25,0.23,0.11,0.13,3,3,1,1,6,1,2,0.33,1.33,0.5,"['CORPORATE', 'MEDICAL DEVICES']","['Marketing', 'Logistics']",,10-Jan,Low,FALSE,,High
ACF COMMUNICATION SRL,0.5,"[473, 776]",473,1.07,2,1.39,0.7,,,,0,0.06,0.11,7,1,0.85,0.25,0.18,0.06,0.13,3,3,1,1,6,1,2,0.33,1.33,0.5,['JANSSEN'],"['Marketing', 'Business Services']",,,,FALSE,,High
ACG ASSOCIATED CAPSULES PRIVATE,0.75,[1889],1889,0.47,1,0.47,0.35,"[2.0, 2.0]",2,0.6,0.29,0.03,0.04,6,1,0.78,0.21,0.4,0.03,0.37,1,1,1,1,2,0.33,2,0.33,0.67,0,['JANSSEN'],['Uncategorized'],,,,FALSE,,Medium
ACG FYRTAL AB,0.25,[281],281,1.3,1,1.3,0.32,,,,0,0.03,0.11,7,1,0.85,0.25,0.09,0.03,0.06,1,1,1,1,2,0.33,2,0.33,0.67,0,['CONSUMER'],"['Capital, Construction and Facility Services']",,Nov-50,Medium,FALSE,,Low
ACG PAM PHARMA TECHNOLOGIES PVT LT,1,"[2096, 24, 168, 19]",19,2.47,4,3.95,3.95,,,,0,0.32,0.32,9,1,0.95,0.33,0.65,0.32,0.33,2,1,1,1,3,0.5,2,0.33,0.83,0.12,"['JANSSEN', 'CONSUMER']","['R&D', 'Supply Chain Materials and Products']",,,,FALSE,,High
ACHERMANN REVITAL AG,0.5,[782],782,0.85,1,0.85,0.43,,,,0,0.03,0.07,7,1,0.85,0.25,0.16,0.03,0.13,1,1,1,1,2,0.33,2,0.33,0.67,0,['JANSSEN'],"['Capital, Construction and Facility Services']",,Nov-50,Medium,FALSE,,Low
ACHIEVE EXHIBITIONS,0.5,[225],225,1.39,1,1.39,0.7,,,,0,0.06,0.11,8,1,0.9,0.29,0.2,0.06,0.15,1,1,1,1,2,0.33,2,0.33,0.67,0,['CONSUMER MEDICAL DEVICES'],['Marketing'],,,,FALSE,,Low
ACHIEVER MERCHANDISING & SALES,0.75,[238],238,1.37,1,1.37,1.03,,,,0,0.08,0.11,7,1,0.85,0.25,0.27,0.08,0.19,1,1,1,1,2,0.33,2,0.33,0.67,0,['CONSUMER'],['Marketing'],,,,FALSE,,Low
ACHIEVIA,1,"[651, 473, 283, 392, 1650]",283,1.29,5,2.2,2.2,,,,0,0.18,0.18,8,1,0.9,0.29,0.47,0.18,0.29,3,3,1,1,6,1,2,0.33,1.33,0.5,['JANSSEN'],"['Marketing', 'Business Services']",,,,FALSE,,High
ACHIM WAXMAN TASHT LTD,0.75,"[325, 347]",325,1.23,2,1.61,1.2,,,,0,0.1,0.13,8,2,1.2,0.5,0.47,0.1,0.37,1,1,1,1,2,0.33,2,0.33,0.67,0,"['JANSSEN', 'MEDICAL DEVICES']","['Capital, Construction and Facility Services']",,10-Jan,Low,FALSE,,Low
ACHINTYO ENGINEERING LLP,0.25,[4008],4008,0.14,1,0.14,0.04,,,,0,0,0.01,6,1,0.78,0.21,0.05,0,0.05,1,1,1,1,2,0.33,2,0.33,0.67,0,['CONSUMER'],['Uncategorized'],,,,FALSE,,Low
ACHU HEALTH,0.75,[644],644,0.94,1,0.94,0.7,,,,0,0.06,0.08,9,1,0.95,0.33,0.3,0.06,0.24,3,2,1,1,5,0.83,2,0.33,1.17,0.38,['JANSSEN'],['Business Services'],High,Nov-50,Medium,FALSE,High,High
ACI,0.75,[26],26,2.33,1,2.33,1.75,[1.0],1,0.6,0.29,0.14,0.19,7,1,0.85,0.25,0.55,0.14,0.4,3,3,1,3,6,1,4,0.67,1.67,0.75,['CORPORATE'],['Business Services'],High,1001-5000,Medium,FALSE,High,High
ACI QUALITYLLC,0.75,"[14, 615, 1218]",14,2.6,3,3.84,2.88,[2.0],2,0.3,0.14,0.24,0.31,8,3,1.38,0.62,0.81,0.24,0.57,1,1,1,1,2,0.33,2,0.33,0.67,0,['MEDICAL DEVICES'],"['R&D', 'Capital, Construction and Facility Services']",,,,FALSE,,Medium
ACI VALLELUNGA S.P.A,0.5,[807],807,0.84,1,0.84,0.42,,,,0,0.03,0.07,8,1,0.9,0.29,0.18,0.03,0.15,3,3,1,1,6,1,2,0.33,1.33,0.5,['CONSUMER'],['Business Services'],,,,FALSE,,High
ACI WORLDWIDE,0.25,[5578],5578,0,1,0,0,,,,0,0,0,6,1,0.78,0.21,0.05,0,0.05,1,1,1,1,2,0.33,2,0.33,0.67,0,['MEDICAL DEVICES'],['Uncategorized'],,1001-5000,Medium,FALSE,,Low
ACIBADEM HEALTH AND LIFE INSURANCE A S,1,"[755, 1036, 974]",755,0.87,3,1.28,1.28,,,,0,0.11,0.11,8,3,1.38,0.62,0.72,0.11,0.62,3,3,1,1,6,1,2,0.33,1.33,0.5,"['CONSUMER', 'JANSSEN', 'MEDICAL DEVICES']",['Business Services'],,,,FALSE,,High
ACIBADEM SAG HIZM V TICAS,0.5,[1063],1063,0.72,1,0.72,0.36,,,,0,0.03,0.06,6,1,0.78,0.21,0.13,0.03,0.1,1,1,1,1,2,0.33,2,0.33,0.67,0,['MEDICAL DEVICES'],['Marketing'],,,,FALSE,,Low
ACIBADEM UNIVERSITY,0.75,[1403],1403,0.6,1,0.6,0.45,,,,0,0.04,0.05,8,1,0.9,0.29,0.25,0.04,0.22,3,3,1,1,6,1,2,0.33,1.33,0.5,['MEDICAL DEVICES'],['Business Services'],,,,FALSE,,High
ACIN ICLOUD SOLUTIONS LDA,0.25,[200],200,1.45,1,1.45,0.36,,,,0,0.03,0.12,9,1,0.95,0.33,0.11,0.03,0.08,1,1,1,3,2,0.33,4,0.67,1,0.25,['CONSUMER'],['Business Services'],,,,FALSE,,High
ACIN INSTRUMENTEN B V,0.25,[2096],2096,0.43,1,0.43,0.11,[2.0],2,0.3,0.14,0.01,0.03,8,1,0.9,0.29,0.12,0.01,0.11,1,1,1,1,2,0.33,2,0.33,0.67,0,['JANSSEN'],['R&D'],,,,FALSE,,Low
ACIP,0.25,[776],776,0.86,1,0.86,0.21,,,,0,0.02,0.07,6,1,0.78,0.21,0.07,0.02,0.05,3,3,1,1,6,1,2,0.33,1.33,0.5,['JANSSEN'],['Business Services'],,51-200,High,FALSE,,High
ACKERMANN MIDDLE MANAGEMENT SL,1,"[382, 332]",332,1.23,2,1.59,1.59,,,,0,0.13,0.13,8,2,1.2,0.5,0.63,0.13,0.5,3,3,1,1,6,1,2,0.33,1.33,0.5,"['JANSSEN', 'MEDICAL DEVICES']",['Business Services'],,,,FALSE,,High
ACKERMANN TRANSPORTE AG,0.25,[263],263,1.33,1,1.33,0.33,,,,0,0.03,0.11,7,1,0.85,0.25,0.09,0.03,0.06,1,1,1,1,2,0.33,2,0.33,0.67,0,['MEDICAL DEVICES'],['Logistics'],,,,FALSE,,Medium
ACKLEY MACHINE CORPORATION,1,"[90, 593, 574, 54, 644, 1024, 1664, 915]",54,2.01,8,3.83,3.83,[3.0],3,0.12,0.06,0.31,0.31,8,2,1.2,0.5,0.87,0.31,0.56,1,1,1,1,2,0.33,2,0.33,0.67,0,"['CONSUMER', 'JANSSEN']","['Capital, Construction and Facility Services']",,Nov-50,Medium,FALSE,,Low
ACL,0.5,"[213, 1051, 1218]",213,1.42,3,2.09,1.05,,,,0,0.09,0.17,9,1,0.95,0.33,0.25,0.09,0.16,1,1,1,1,2,0.33,2,0.33,0.67,0,['MEDICAL DEVICES'],"['Business Services', 'Capital, Construction and Facility Services', 'R&D']",Low,201-500,High,FALSE,Low,Low
ACL SERVICES LTD,0.75,"[134, 140, 225, 214, 294]",134,1.62,5,2.75,2.06,,,,0,0.17,0.23,9,2,1.26,0.53,0.57,0.17,0.4,3,3,1,3,6,1,4,0.67,1.67,0.75,"['CORPORATE', 'MEDICAL DEVICES']",['Business Services'],High,1001-5000,Medium,FALSE,High,High
ACM (ATELIER CHAMPAGNE MECANIQUE) SAS MATEUS HEMART,0.75,[574],574,0.99,1,0.99,0.74,,,,0,0.06,0.08,8,1,0.9,0.29,0.28,0.06,0.22,1,1,1,1,2,0.33,2,0.33,0.67,0,['CONSUMER'],"['Capital, Construction and Facility Services']",,,,FALSE,,Low
ACM AB,1,[8],8,2.84,1,2.84,2.84,,,,0,0.23,0.23,8,1,0.9,0.29,0.52,0.23,0.29,2,1,1,1,3,0.5,2,0.33,0.83,0.12,['CONSUMER'],['Supply Chain Materials and Products'],,10-Jan,Low,FALSE,,Medium
ACM BIOLABS PTE LTD,0.75,[457],457,1.09,1,1.09,0.81,,,,0,0.07,0.09,8,1,0.9,0.29,0.28,0.07,0.22,1,1,1,1,2,0.33,2,0.33,0.67,0,['JANSSEN'],['R&D'],,,,FALSE,,Low
ACM GLOBAL CENTRAL LABORATORY,0.75,[105],105,1.73,1,1.73,1.29,,,,0,0.11,0.14,8,1,0.9,0.29,0.32,0.11,0.22,1,1,1,1,2,0.33,2,0.33,0.67,0,['JANSSEN'],['R&D'],,1001-5000,Medium,FALSE,,Low
ACM GLOBAL LABORATORIES,1,[105],105,1.73,1,1.73,1.73,,,,0,0.14,0.14,8,1,0.9,0.29,0.43,0.14,0.29,1,1,1,1,2,0.33,2,0.33,0.67,0,['JANSSEN'],['R&D'],,Nov-50,Medium,FALSE,,Low
ACM LABORATORY,0.5,"[168, 724, 101, 1197, 1218]",101,1.74,5,2.96,1.48,,,,0,0.12,0.24,8,1,0.9,0.29,0.27,0.12,0.15,1,1,1,1,2,0.33,2,0.33,0.67,0,['MEDICAL DEVICES'],"['Capital, Construction and Facility Services', 'R&D']",,1001-5000,Medium,FALSE,,Low
ACM PHARMA,0.75,"[840, 359, 574, 303, 1060]",303,1.27,5,2.15,1.61,,,,0,0.13,0.18,8,3,1.38,0.62,0.59,0.13,0.46,3,3,1,1,6,1,2,0.33,1.33,0.5,['CONSUMER'],"['Capital, Construction and Facility Services', 'Business Services', 'R&D']",,51-200,High,FALSE,,High
ACM VERMEULEN NV,0.25,"[105, 915]",105,1.73,2,2.24,0.56,,,,0,0.05,0.18,8,2,1.2,0.5,0.17,0.05,0.12,1,1,1,1,2,0.33,2,0.33,0.67,0,['JANSSEN'],"['R&D', 'Capital, Construction and Facility Services']",,,,FALSE,,Low
ACME GROUP,1,[109],109,1.71,1,1.71,1.71,,,,0,0.14,0.14,7,1,0.85,0.25,0.39,0.14,0.25,1,1,1,1,2,0.33,2,0.33,0.67,0,['CONSUMER'],['Logistics'],,Nov-50,Medium,FALSE,,Medium
ACME HARDESTY COMPANY,1,"[142, 21, 17, 86]",17,2.52,4,4.03,4.03,[4.0],4,0,0,0.33,0.33,8,1,0.9,0.29,0.62,0.33,0.29,2,1,1,1,3,0.5,2,0.33,0.83,0.12,['CONSUMER'],['Supply Chain Materials and Products'],,51-200,High,FALSE,,High
ACME LOGISTICS,1,[157],157,1.55,1,1.55,1.55,,,,0,0.13,0.13,7,1,0.85,0.25,0.38,0.13,0.25,1,1,1,1,2,0.33,2,0.33,0.67,0,['CONSUMER'],['Logistics'],,Nov-50,Medium,FALSE,,Medium
ACME SCALES CO,1,"[357, 1664, 2096, 1051]",357,1.19,4,1.91,1.91,,,,0,0.16,0.16,9,1,0.95,0.33,0.48,0.16,0.33,1,1,1,1,2,0.33,2,0.33,0.67,0,"['CONSUMER MEDICAL DEVICES', 'JANSSEN', 'MEDICAL DEVICES']","['Capital, Construction and Facility Services', 'R&D']",,,,FALSE,,Low
ACMEDIAL PTE LTE,0.75,"[1565, 996]",996,0.75,2,0.97,0.73,,,,0,0.06,0.08,7,2,1.15,0.46,0.4,0.06,0.34,1,1,1,1,2,0.33,2,0.33,0.67,0,"['JANSSEN', 'MEDICAL DEVICES']",['Marketing'],,,,FALSE,,Low
ACMI SERVICES SRL,0.25,"[2210, 1403]",1403,0.6,2,0.78,0.19,,,,0,0.02,0.06,8,2,1.2,0.5,0.14,0.02,0.12,3,3,1,1,6,1,2,0.33,1.33,0.5,"['JANSSEN', 'MEDICAL DEVICES']",['Business Services'],,,,FALSE,,High
ACMM,0.5,[1701],1701,0.52,1,0.52,0.26,,,,0,0.02,0.04,8,1,0.9,0.29,0.17,0.02,0.15,1,1,1,1,2,0.33,2,0.33,0.67,0,['CONSUMER'],"['Capital, Construction and Facility Services']",,10-Jan,Low,FALSE,,Low
ACN CHEMICAL WATER TREATMENT B V,0.75,[915],915,0.79,1,0.79,0.59,,,,0,0.05,0.06,8,1,0.9,0.29,0.27,0.05,0.22,1,1,1,1,2,0.33,2,0.33,0.67,0,['JANSSEN'],"['Capital, Construction and Facility Services']",,,,FALSE,,Low
ACOBUR ASESORES SL,0.75,[640],640,0.94,1,0.94,0.71,,,,0,0.06,0.08,6,1,0.78,0.21,0.21,0.06,0.15,3,3,1,1,6,1,2,0.33,1.33,0.5,['JANSSEN'],['Business Services'],,,,FALSE,,High
ACOMMERCE,0.75,[63],63,1.95,1,1.95,1.46,,,,0,0.12,0.16,7,1,0.85,0.25,0.31,0.12,0.19,1,1,1,1,2,0.33,2,0.33,0.67,0,['CONSUMER'],['Marketing'],,Nov-50,Medium,FALSE,,Low
"ACOMMERCE CO., LTD.",1,[63],63,1.95,1,1.95,1.95,,,,0,0.16,0.16,7,1,0.85,0.25,0.41,0.16,0.25,1,1,1,1,2,0.33,2,0.33,0.67,0,['CONSUMER'],['Marketing'],,,,FALSE,,Low
ACON INVESTMENTS,1,[137],137,1.61,1,1.61,1.61,,,,0,0.13,0.13,7,1,0.85,0.25,0.38,0.13,0.25,2,1,1,1,3,0.5,2,0.33,0.83,0.12,['CONSUMER'],['Supply Chain Materials and Products'],,,,FALSE,,High
ACOPAT ID INTERNATIONAL DEVELOPMENT,0.25,[640],640,0.94,1,0.94,0.24,,,,0,0.02,0.08,6,1,0.78,0.21,0.07,0.02,0.05,3,3,1,1,6,1,2,0.33,1.33,0.5,['JANSSEN'],['Business Services'],,,,FALSE,,High
ACOR&TEREOS IBERIA SA,0.75,[47],47,2.07,1,2.07,1.56,,,,0,0.13,0.17,8,1,0.9,0.29,0.35,0.13,0.22,2,1,1,1,3,0.5,2,0.33,0.83,0.12,['CONSUMER'],['Supply Chain Materials and Products'],,10-Jan,Low,FALSE,,Medium
ACORE TRADE IMPORT AND EXPORTAIRELI,0.25,"[1024, 970]",970,0.76,2,0.99,0.25,,,,0,0.02,0.08,7,2,1.15,0.46,0.13,0.02,0.11,1,1,1,1,2,0.33,2,0.33,0.67,0,"['JANSSEN', 'MEDICAL DEVICES']","['Capital, Construction and Facility Services']",,,,FALSE,,Low
ACORN BRAND DESIGN PTY LTD,1,"[848, 840]",840,0.82,2,1.07,1.07,,,,0,0.09,0.09,7,2,1.15,0.46,0.54,0.09,0.46,1,1,1,1,2,0.33,2,0.33,0.67,0,['CONSUMER'],"['Marketing', 'Capital, Construction and Facility Services']",,,,FALSE,,Low
ACORN INDUSTRIAL PRODUCTS CO,0.25,[2096],2096,0.43,1,0.43,0.11,,,,0,0.01,0.03,8,1,0.9,0.29,0.08,0.01,0.07,1,1,1,1,2,0.33,2,0.33,0.67,0,['JANSSEN'],['R&D'],,Nov-50,Medium,FALSE,,Low
ACORN MARKETING & RESEARCH CONSULTA NTS PTE LTD,0.75,"[309, 38]",38,2.17,2,2.82,2.11,,,,0,0.17,0.23,8,1,0.9,0.29,0.39,0.17,0.22,1,1,1,1,2,0.33,2,0.33,0.67,0,['CONSUMER'],"['Marketing', 'R&D']",,,,FALSE,,Low
ACORN PROCESS,0.75,[1051],1051,0.72,1,0.72,0.54,,,,0,0.04,0.06,8,1,0.9,0.29,0.26,0.04,0.22,1,1,1,1,2,0.33,2,0.33,0.67,0,['MEDICAL DEVICES'],"['Capital, Construction and Facility Services']",,,,FALSE,,Low
ACORN SYSTEMS INC,1,"[315, 225, 294]",225,1.39,3,2.06,2.06,,,,0,0.17,0.17,9,1,0.95,0.33,0.49,0.17,0.33,3,3,1,3,6,1,4,0.67,1.67,0.75,"['CORPORATE', 'MEDICAL DEVICES']",['Business Services'],,51-200,High,FALSE,,High
ACOS ARKADIUSZ LISOWSKI,1,"[1070, 1063, 240, 1585]",240,1.37,4,2.19,2.19,,,,0,0.18,0.18,7,2,1.15,0.46,0.64,0.18,0.46,1,1,1,1,2,0.33,2,0.33,0.67,0,['MEDICAL DEVICES'],"['Capital, Construction and Facility Services', 'Marketing', 'Business Services']",,,,FALSE,,Low
ACOS BOHLER UDDEHOLM DO BRASIL LTDA,0.25,[358],358,1.19,1,1.19,0.3,,,,0,0.02,0.1,8,1,0.9,0.29,0.1,0.02,0.07,1,1,1,1,2,0.33,2,0.33,0.67,0,['CONSUMER'],"['Capital, Construction and Facility Services']",,,,FALSE,,Low
ACOSTA,1,"[238, 722, 184]",184,1.48,3,2.19,2.19,,,,0,0.18,0.18,8,1,0.9,0.29,0.47,0.18,0.29,1,1,1,1,2,0.33,2,0.33,0.67,0,"['CONSUMER', 'CONSUMER MEDICAL DEVICES']",['Marketing'],,10-Jan,Low,FALSE,,Low
ACOSTA CANADA,0.5,[238],238,1.37,1,1.37,0.68,,,,0,0.06,0.11,7,1,0.85,0.25,0.18,0.06,0.13,1,1,1,1,2,0.33,2,0.33,0.67,0,['CONSUMER'],['Marketing'],,10001+,Low,FALSE,,Low
ACOSTA INC,0.25,[238],238,1.37,1,1.37,0.34,,,,0,0.03,0.11,7,1,0.85,0.25,0.09,0.03,0.06,1,1,1,1,2,0.33,2,0.33,0.67,0,['CONSUMER'],['Marketing'],,51-200,High,FALSE,,Low
ACOSTA SALES AND MARKETING,1,[722],722,0.89,1,0.89,0.89,,,,0,0.07,0.07,7,1,0.85,0.25,0.32,0.07,0.25,1,1,1,1,2,0.33,2,0.33,0.67,0,['CONSUMER'],['Marketing'],,501-1000,High,FALSE,,Low
ACOUSTIC,0.75,[893],893,0.8,1,0.8,0.6,,,,0,0.05,0.07,5,1,0.7,0.15,0.16,0.05,0.11,1,1,1,1,2,0.33,2,0.33,0.67,0,['CONSUMER'],['Business Services'],,1001-5000,Medium,FALSE,,Low
ACP ND CHAPTER H DAKOTA CHAPTER,0.25,[644],644,0.94,1,0.94,0.23,,,,0,0.02,0.08,7,1,0.85,0.25,0.08,0.02,0.06,1,1,1,1,2,0.33,2,0.33,0.67,0,['JANSSEN'],"['Capital, Construction and Facility Services']",,,,FALSE,,Low
ACP SYSTEMS AG,0.5,"[183, 567, 286, 45, 668]",45,2.09,5,3.56,1.78,[3.0],3,0.12,0.06,0.15,0.29,10,1,1,0.36,0.35,0.15,0.21,3,1,1,1,4,0.67,2,0.33,1,0.25,['CONSUMER MEDICAL DEVICES'],"['Capital, Construction and Facility Services', 'Business Services']",,Nov-50,Medium,FALSE,,High
ACPHARIS,0.75,[491],491,1.06,1,1.06,0.79,,,,0,0.06,0.09,9,1,0.95,0.33,0.31,0.06,0.24,1,1,1,3,2,0.33,4,0.67,1,0.25,['JANSSEN'],['Business Services'],,,,FALSE,,Medium
ACQUA FINE FOODS LTD,0.75,"[893, 1820]",893,0.8,2,1.04,0.78,,,,0,0.06,0.08,5,2,1,0.36,0.33,0.06,0.27,1,1,1,1,2,0.33,2,0.33,0.67,0,"['CONSUMER', 'JANSSEN']",['Business Services'],,Nov-50,Medium,FALSE,,Low
ACQUANDAS GMBH,0.5,[1197],1197,0.67,1,0.67,0.33,,,,0,0.03,0.05,8,1,0.9,0.29,0.17,0.03,0.15,1,1,1,1,2,0.33,2,0.33,0.67,0,['MEDICAL DEVICES'],['R&D'],,10-Jan,Low,FALSE,,Low
ACQUIA INC,1,"[139, 231]",139,1.6,2,2.09,2.09,[3.0],3,0.12,0.06,0.17,0.17,9,1,0.95,0.33,0.56,0.17,0.38,3,3,1,3,6,1,4,0.67,1.67,0.75,"['CORPORATE', 'JANSSEN']",['Business Services'],High,1001-5000,Medium,TRUE,High,High
ACQUIS CONSULTING GROUP LLC,1,"[1746, 1095, 292]",292,1.28,3,1.89,1.89,,,,0,0.16,0.16,8,2,1.2,0.5,0.65,0.16,0.5,3,3,1,1,6,1,2,0.33,1.33,0.5,['JANSSEN'],"['Business Services', 'R&D']",,,,FALSE,,High
ACR RADIO CONTROL AND AUTOMACAO LTDA,0.25,"[577, 1160, 1701]",577,0.99,3,1.46,0.36,,,,0,0.03,0.12,8,1,0.9,0.29,0.1,0.03,0.07,1,1,1,1,2,0.33,2,0.33,0.67,0,['CONSUMER'],"['Capital, Construction and Facility Services']",,,,FALSE,,Low
"ACREDITACIONES Y CONGRESOS, S.L.",0.5,[804],804,0.84,1,0.84,0.42,,,,0,0.03,0.07,7,1,0.85,0.25,0.16,0.03,0.13,1,1,1,1,2,0.33,2,0.33,0.67,0,['MEDICAL DEVICES'],['Marketing'],,,,FALSE,,Low
ACRN,0.75,"[256, 117, 593, 1160]",117,1.68,4,2.69,2.02,,,,0,0.17,0.22,7,2,1.15,0.46,0.51,0.17,0.34,1,1,1,1,2,0.33,2,0.33,0.67,0,['CONSUMER'],"['Capital, Construction and Facility Services']",,10-Jan,Low,FALSE,,Low
ACRO BIOMEDICAL,0.75,"[1585, 2210, 1820, 472, 1889, 742, 504, 893, 284, 226, 536, 356, 409, 718, 308, 701, 318, 1160, 650, 239]",226,1.39,20,3.2,2.4,,,,0,0.2,0.26,9,2,1.26,0.53,0.59,0.2,0.4,3,3,1,1,6,1,2,0.33,1.33,0.5,"['MEDICAL DEVICES', 'JANSSEN', 'CONSUMER', 'CORPORATE', 'CONSUMER MEDICAL DEVICES']","['Business Services', 'Uncategorized']",,,,FALSE,,High
ACRO SERVICES CORP,0.25,"[115, 1095]",115,1.69,2,2.19,0.55,,,,0,0.04,0.18,8,1,0.9,0.29,0.12,0.04,0.07,3,3,1,1,6,1,2,0.33,1.33,0.5,"['CORPORATE', 'JANSSEN']",['Business Services'],,10-Jan,Low,FALSE,,High
ACROBIOSYSTEMS INC,1,[2096],2096,0.43,1,0.43,0.43,,,,0,0.03,0.03,8,1,0.9,0.29,0.33,0.03,0.29,1,1,1,1,2,0.33,2,0.33,0.67,0,['JANSSEN'],['R&D'],,201-500,High,FALSE,,Low
ACRON TRGOVSKO PODJETJE,0.75,[1829],1829,0.48,1,0.48,0.36,,,,0,0.03,0.04,8,1,0.9,0.29,0.25,0.03,0.22,1,1,1,1,2,0.33,2,0.33,0.67,0,['MEDICAL DEVICES'],"['Capital, Construction and Facility Services']",,,,FALSE,,Low
ACROPOLIS COMMERCIAL CORPORATION,0.75,"[722, 90]",90,1.79,2,2.33,1.75,,,,0,0.14,0.19,7,1,0.85,0.25,0.33,0.14,0.19,3,3,1,1,6,1,2,0.33,1.33,0.5,"['CONSUMER', 'CORPORATE']","['Capital, Construction and Facility Services']",,,,FALSE,,High
ACROSS EVENTS,0.5,"[246, 416]",246,1.36,2,1.76,0.88,,,,0,0.07,0.14,9,1,0.95,0.33,0.23,0.07,0.16,3,3,1,1,6,1,2,0.33,1.33,0.5,['CONSUMER MEDICAL DEVICES'],"['Marketing', 'Business Services']",,10-Jan,Low,FALSE,,High
ACROSS HEALTH,1,"[838, 1199, 480, 497, 501, 2210, 491, 1650, 443, 1063]",443,1.1,10,2.2,2.2,,,,0,0.18,0.18,9,1,0.95,0.33,0.51,0.18,0.33,1,1,1,1,2,0.33,2,0.33,0.67,0,"['JANSSEN', 'MEDICAL DEVICES']","['Marketing', 'Business Services']",Low,10-Jan,Low,FALSE,Low,Low
ACROVISION LTD,0.25,"[183, 544]",183,1.48,2,1.93,0.48,,,,0,0.04,0.16,8,1,0.9,0.29,0.11,0.04,0.07,1,1,1,1,2,0.33,2,0.33,0.67,0,"['CONSUMER MEDICAL DEVICES', 'MEDICAL DEVICES']","['Capital, Construction and Facility Services']",,Nov-50,Medium,FALSE,,Low
ACS,0.25,[345],345,1.21,1,1.21,0.3,[3.0],3,0.12,0.06,0.02,0.1,9,1,0.95,0.33,0.12,0.02,0.1,1,1,1,1,2,0.33,2,0.33,0.67,0,['CONSUMER'],['Business Services'],,10-Jan,Low,FALSE,,Low
ACS COURIER,1,"[126, 91, 159, 225]",91,1.79,4,2.86,2.86,,,,0,0.23,0.23,7,3,1.32,0.58,0.81,0.23,0.58,1,1,1,1,2,0.33,2,0.33,0.67,0,"['CONSUMER', 'JANSSEN', 'MEDICAL DEVICES']",['Logistics'],,,,FALSE,,Medium
ACS IRELAND LTD,0.5,[5578],5578,0,1,0,0,,,,0,0,0,6,1,0.78,0.21,0.1,0,0.1,1,1,1,1,2,0.33,2,0.33,0.67,0,['MEDICAL DEVICES'],['Uncategorized'],,,,FALSE,,Low
ACS PHARMA PROTECT GMBH,0.5,[621],621,0.95,1,0.95,0.48,,,,0,0.04,0.08,7,1,0.85,0.25,0.16,0.04,0.13,1,1,1,1,2,0.33,2,0.33,0.67,0,['MEDICAL DEVICES'],['Marketing'],,,,FALSE,,Low
ACS SAFE DRIVING ACADEMY LDA,0.75,[2210],2210,0.4,1,0.4,0.3,,,,0,0.02,0.03,8,1,0.9,0.29,0.24,0.02,0.22,3,3,1,1,6,1,2,0.33,1.33,0.5,['JANSSEN'],['Business Services'],,,,FALSE,,High
ACSA GROUP LTD,0.5,"[33, 30]",30,2.27,2,2.95,1.48,,,,0,0.12,0.24,9,2,1.26,0.53,0.39,0.12,0.27,2,1,1,1,3,0.5,2,0.33,0.83,0.12,"['JANSSEN', 'MEDICAL DEVICES']",['Supply Chain Materials and Products'],,Nov-50,Medium,FALSE,,Medium
ACSEL HEALTH,1,"[497, 1199, 202, 1746, 480, 497, 501, 2210, 1650, 221, 886, 181, 129]",129,1.64,13,3.46,3.46,,,,0,0.28,0.28,8,3,1.38,0.62,0.9,0.28,0.62,3,3,1,1,6,1,2,0.33,1.33,0.5,"['CORPORATE', 'JANSSEN', 'MEDICAL DEVICES']","['Business Services', 'Marketing', 'R&D']",,Nov-50,Medium,FALSE,,High
ACSYS LASERTECHNIK GMBH MASCHINENBAU,1,"[724, 131, 1197]",131,1.63,3,2.41,2.41,,,,0,0.2,0.2,8,1,0.9,0.29,0.49,0.2,0.29,2,1,1,1,3,0.5,2,0.33,0.83,0.12,['MEDICAL DEVICES'],"['Capital, Construction and Facility Services', 'Supply Chain Materials and Products', 'R&D']",,51-200,High,FALSE,,Medium
ACT COMMODITIES B.V.,1,"[171, 315]",171,1.51,2,1.97,1.97,,,,0,0.16,0.16,7,1,0.85,0.25,0.41,0.16,0.25,3,3,1,1,6,1,2,0.33,1.33,0.5,['CONSUMER'],"['Marketing', 'Business Services']",,,,FALSE,,High
ACT CREATIVE STUDIO,1,"[838, 1199, 651, 473, 283, 1036, 1565, 662, 1650]",283,1.29,9,2.53,2.53,,,,0,0.21,0.21,8,1,0.9,0.29,0.5,0.21,0.29,3,3,1,1,6,1,2,0.33,1.33,0.5,['JANSSEN'],"['Marketing', 'Business Services']",,,,FALSE,,High
ACT LOGIMARK SVERIGE AB,0.25,[567],567,0.99,1,0.99,0.25,[3.0],3,0.12,0.06,0.02,0.08,8,1,0.9,0.29,0.11,0.02,0.09,1,1,1,1,2,0.33,2,0.33,0.67,0,['CONSUMER MEDICAL DEVICES'],"['Capital, Construction and Facility Services']",,Nov-50,Medium,FALSE,,Low
ACT TWO TRAINING CC,0.75,[532],532,1.02,1,1.02,0.77,,,,0,0.06,0.08,7,1,0.85,0.25,0.25,0.06,0.19,1,1,1,1,2,0.33,2,0.33,0.67,0,['CONSUMER'],['Marketing'],,,,FALSE,,Low
ACT US,0.5,"[886, 1084, 1063]",886,0.8,3,1.18,0.59,,,,0,0.05,0.1,8,1,0.9,0.29,0.19,0.05,0.15,3,3,1,1,6,1,2,0.33,1.33,0.5,['MEDICAL DEVICES'],"['Business Services', 'Marketing']",,,,FALSE,,High
ACT-ONLY AQUA,0.25,[1076],1076,0.71,1,0.71,0.18,,,,0,0.01,0.06,7,1,0.85,0.25,0.08,0.01,0.06,1,1,1,1,2,0.33,2,0.33,0.67,0,['JANSSEN'],"['Capital, Construction and Facility Services']",,,,FALSE,,Low
ACTA GASTROENTEROLOGICAL BELGIUM DOMUS GASTROENTEROLOGICAL,0.5,"[776, 392]",392,1.15,2,1.5,0.75,,,,0,0.06,0.12,8,1,0.9,0.29,0.21,0.06,0.15,3,3,1,1,6,1,2,0.33,1.33,0.5,['JANSSEN'],"['Business Services', 'Marketing']",,,,FALSE,,High
ACTA V Z W,0.5,[2210],2210,0.4,1,0.4,0.2,,,,0,0.02,0.03,8,1,0.9,0.29,0.16,0.02,0.15,3,3,1,1,6,1,2,0.33,1.33,0.5,['JANSSEN'],['Business Services'],,,,FALSE,,High
ACTALIS S P A,0.25,"[1076, 425]",425,1.12,2,1.45,0.36,,,,0,0.03,0.12,9,1,0.95,0.33,0.11,0.03,0.08,1,1,1,3,2,0.33,4,0.67,1,0.25,['JANSSEN'],"['Capital, Construction and Facility Services', 'Business Services']",,Nov-50,Medium,FALSE,,High
ACTCO METROLOGY SERVICES,0.5,[1197],1197,0.67,1,0.67,0.33,[3.0],3,0.12,0.06,0.03,0.05,8,1,0.9,0.29,0.2,0.03,0.17,1,1,1,1,2,0.33,2,0.33,0.67,0,['MEDICAL DEVICES'],['R&D'],,,,FALSE,,Low
ACTENA AUTOMOBILES,1,"[172, 47, 484]",47,2.07,3,3.06,3.06,,,,0,0.25,0.25,5,1,0.7,0.15,0.4,0.25,0.15,3,3,1,1,6,1,2,0.33,1.33,0.5,"['CORPORATE', 'JANSSEN']",['Business Services'],,51-200,High,FALSE,,High
ACTI TECNOLOGIA E SISTEMAS DA INFOR,1,"[88, 66, 170, 652, 325, 1310, 844, 644, 491, 425, 384, 1664, 141, 21, 157, 347, 1077, 447, 294, 273, 1829, 116, 577, 110, 281, 163, 358, 594, 1160, 840, 397, 593, 141, 226, 130, 200, 184, 1701, 574, 46, 86, 121, 100]",21,2.42,43,6.38,6.38,,,,0,0.52,0.52,10,2,1.3,0.56,1.08,0.52,0.56,3,3,1,3,6,1,4,0.67,1.67,0.75,"['JANSSEN', 'MEDICAL DEVICES', 'CONSUMER', 'CONSUMER MEDICAL DEVICES']","['Capital, Construction and Facility Services', 'Business Services']",,,,FALSE,,High
ACTIGRAPH,1,"[42, 166, 128, 1095, 125, 1889]",42,2.12,6,3.78,3.78,,,,0,0.31,0.31,9,1,0.95,0.33,0.63,0.31,0.33,3,3,1,3,6,1,4,0.67,1.67,0.75,['JANSSEN'],"['R&D', 'Supply Chain Materials and Products', 'Business Services', 'Uncategorized']",High,51-200,High,FALSE,High,High
ACTINI,0.5,[644],644,0.94,1,0.94,0.47,,,,0,0.04,0.08,7,1,0.85,0.25,0.16,0.04,0.13,1,1,1,1,2,0.33,2,0.33,0.67,0,['JANSSEN'],"['Capital, Construction and Facility Services']",,10-Jan,Low,FALSE,,Low
ACTION DUCT,0.75,"[525, 397]",397,1.15,2,1.49,1.12,,,,0,0.09,0.12,8,1,0.9,0.29,0.31,0.09,0.22,1,1,1,1,2,0.33,2,0.33,0.67,0,['CONSUMER'],"['Capital, Construction and Facility Services']",,,,FALSE,,Low
ACTION FIRST AID,0.25,[755],755,0.87,1,0.87,0.22,,,,0,0.02,0.07,8,1,0.9,0.29,0.09,0.02,0.07,3,3,1,1,6,1,2,0.33,1.33,0.5,['CONSUMER'],['Business Services'],,10-Jan,Low,FALSE,,High
ACTION FOR RESULTS,0.75,[886],886,0.8,1,0.8,0.6,,,,0,0.05,0.07,6,1,0.78,0.21,0.2,0.05,0.15,3,3,1,1,6,1,2,0.33,1.33,0.5,['MEDICAL DEVICES'],['Business Services'],,Nov-50,Medium,FALSE,,High
ACTION GROUP INC,0.25,[1060],1060,0.72,1,0.72,0.18,,,,0,0.01,0.06,8,1,0.9,0.29,0.09,0.01,0.07,1,1,1,1,2,0.33,2,0.33,0.67,0,['CONSUMER'],['R&D'],,51-200,High,FALSE,,Low
ACTION SIGNS,0.25,"[191, 1215]",191,1.47,2,1.91,0.48,,,,0,0.04,0.16,9,1,0.95,0.33,0.12,0.04,0.08,3,3,1,1,6,1,2,0.33,1.33,0.5,"['CORPORATE', 'MEDICAL DEVICES']",['Business Services'],,Nov-50,Medium,FALSE,,High
ACTIP,0.5,[776],776,0.86,1,0.86,0.43,,,,0,0.04,0.07,6,1,0.78,0.21,0.14,0.04,0.1,3,3,1,1,6,1,2,0.33,1.33,0.5,['JANSSEN'],['Business Services'],,Nov-50,Medium,FALSE,,High
ACTISERVE GMBH,0.75,"[1746, 640]",640,0.94,2,1.22,0.92,,,,0,0.08,0.1,6,1,0.78,0.21,0.23,0.08,0.15,3,3,1,1,6,1,2,0.33,1.33,0.5,['JANSSEN'],['Business Services'],,,,FALSE,,High
ACTIV8 SOLAR ENERGIES,0.25,[5578],5578,0,1,0,0,,,,0,0,0,6,1,0.78,0.21,0.05,0,0.05,1,1,1,1,2,0.33,2,0.33,0.67,0,['MEDICAL DEVICES'],['Uncategorized'],,,,FALSE,,Low
ACTIVA LABEL INDUSTRIES LTD,0.75,"[65, 970, 874, 650, 114, 269, 5578]",65,1.93,7,3.57,2.68,,,,0,0.22,0.29,7,4,1.45,0.66,0.72,0.22,0.5,2,1,1,1,3,0.5,2,0.33,0.83,0.12,['MEDICAL DEVICES'],"['Capital, Construction and Facility Services', 'Marketing', 'Supply Chain Materials and Products', 'Uncategorized']",,,,FALSE,,Medium
ACTIVE,0.5,"[1024, 347, 970]",347,1.21,3,1.78,0.89,,,,0,0.07,0.15,8,1,0.9,0.29,0.22,0.07,0.15,1,1,1,1,2,0.33,2,0.33,0.67,0,"['JANSSEN', 'MEDICAL DEVICES']","['Capital, Construction and Facility Services']",,201-500,High,FALSE,,Low
ACTIVE CONCEPTS LLC,0.75,[86],86,1.81,1,1.81,1.36,[1.0],1,0.6,0.29,0.11,0.15,8,1,0.9,0.29,0.54,0.11,0.43,2,1,1,1,3,0.5,2,0.33,0.83,0.12,['CONSUMER'],['Supply Chain Materials and Products'],,51-200,High,FALSE,,High
ACTIVE GENERATION LDA,0.75,[1036],1036,0.73,1,0.73,0.55,,,,0,0.04,0.06,8,1,0.9,0.29,0.26,0.04,0.22,3,3,1,1,6,1,2,0.33,1.33,0.5,['JANSSEN'],['Business Services'],,,,FALSE,,High
ACTIVE LEISURE,0.25,[974],974,0.76,1,0.76,0.19,,,,0,0.02,0.06,8,1,0.9,0.29,0.09,0.02,0.07,3,3,1,1,6,1,2,0.33,1.33,0.5,['MEDICAL DEVICES'],['Business Services'],,10-Jan,Low,FALSE,,High
ACTIVE MOTIF INC,0.75,[457],457,1.09,1,1.09,0.81,,,,0,0.07,0.09,8,1,0.9,0.29,0.28,0.07,0.22,1,1,1,1,2,0.33,2,0.33,0.67,0,['JANSSEN'],['R&D'],Low,51-200,High,FALSE,Low,Low
ACTIVE PHARMA,1,"[227, 158, 269]",158,1.55,3,2.29,2.29,,,,0,0.19,0.19,7,3,1.32,0.58,0.76,0.19,0.58,1,1,1,1,2,0.33,2,0.33,0.67,0,"['CONSUMER', 'JANSSEN', 'MEDICAL DEVICES']",['Marketing'],,Nov-50,Medium,FALSE,,Low
ACTIVE RIDER,0.75,"[356, 484]",356,1.2,2,1.55,1.17,,,,0,0.1,0.13,5,2,1,0.36,0.36,0.1,0.27,1,1,1,1,2,0.33,2,0.33,0.67,0,"['CONSUMER', 'JANSSEN']",['Business Services'],,,,FALSE,,Low
ACTIVE SAFETY LTD,0.5,"[807, 2210, 1403]",807,0.84,3,1.24,0.62,,,,0,0.05,0.1,8,3,1.38,0.62,0.36,0.05,0.31,3,3,1,1,6,1,2,0.33,1.33,0.5,"['CONSUMER', 'JANSSEN', 'MEDICAL DEVICES']",['Business Services'],,Nov-50,Medium,FALSE,,High
ACTO TECHNOLOGIES INC,1,"[838, 1199, 2210, 644, 286, 425, 1650]",286,1.29,7,2.38,2.38,,,,0,0.2,0.2,9,2,1.26,0.53,0.73,0.2,0.53,3,3,1,3,6,1,4,0.67,1.67,0.75,['JANSSEN'],"['Marketing', 'Business Services']",,,,FALSE,,High
ACTOM HVAC SYSTEMS,0.5,[1160],1160,0.68,1,0.68,0.34,,,,0,0.03,0.06,7,1,0.85,0.25,0.15,0.03,0.13,1,1,1,1,2,0.33,2,0.33,0.67,0,['CONSUMER'],"['Capital, Construction and Facility Services']",,,,FALSE,,Low
ACTON TECHNOLOGIES INC PO,0.25,[84],84,1.82,1,1.82,0.46,"[3.0, 3.0]",3,0.43,0.2,0.04,0.15,8,1,0.9,0.29,0.16,0.04,0.12,2,1,1,1,3,0.5,2,0.33,0.83,0.12,['MEDICAL DEVICES'],['Supply Chain Materials and Products'],,,,FALSE,,High
ACTONE SA,1,"[532, 594, 480, 497, 218]",218,1.41,5,2.39,2.39,,,,0,0.2,0.2,7,2,1.15,0.46,0.65,0.2,0.46,3,3,1,1,6,1,2,0.33,1.33,0.5,"['CONSUMER', 'JANSSEN']","['Marketing', 'Business Services']",,,,FALSE,,High
ACTOR,0.25,[10],10,2.75,1,2.75,0.69,,,,0,0.06,0.23,7,1,0.85,0.25,0.12,0.06,0.06,2,1,1,1,3,0.5,2,0.33,0.83,0.12,['JANSSEN'],['Supply Chain Materials and Products'],,Nov-50,Medium,FALSE,,Medium
ACTORS IN INDUSTRY,1,"[807, 2210]",807,0.84,2,1.09,1.09,,,,0,0.09,0.09,8,2,1.2,0.5,0.59,0.09,0.5,3,3,1,1,6,1,2,0.33,1.33,0.5,"['CONSUMER', 'JANSSEN']",['Business Services'],,Nov-50,Medium,FALSE,,High
ACTUALIDAD TRIBUTARIA S A,0.25,[315],315,1.25,1,1.25,0.31,,,,0,0.03,0.1,6,1,0.78,0.21,0.08,0.03,0.05,3,3,1,1,6,1,2,0.33,1.33,0.5,['CONSUMER'],['Business Services'],,,,FALSE,,High
ACTUATE,0.25,[1403],1403,0.6,1,0.6,0.15,,,,0,0.01,0.05,8,1,0.9,0.29,0.08,0.01,0.07,3,3,1,1,6,1,2,0.33,1.33,0.5,['MEDICAL DEVICES'],['Business Services'],,Nov-50,Medium,FALSE,,High
ACTVISUAL GMBH,1,[610],610,0.96,1,0.96,0.96,,,,0,0.08,0.08,9,1,0.95,0.33,0.4,0.08,0.33,3,1,1,1,4,0.67,2,0.33,1,0.25,['JANSSEN'],['Business Services'],,Nov-50,Medium,FALSE,,High
ACU TEC INSPECTION & SERVICE LTD,0.5,"[593, 1160]",593,0.97,2,1.27,0.63,,,,0,0.05,0.1,7,2,1.15,0.46,0.28,0.05,0.23,1,1,1,1,2,0.33,2,0.33,0.67,0,['CONSUMER'],"['Capital, Construction and Facility Services']",,,,FALSE,,Low
ACUGRAPHICS EMBROIDERY MORE INC,0.25,"[755, 974]",755,0.87,2,1.13,0.28,,,,0,0.02,0.09,8,2,1.2,0.5,0.15,0.02,0.12,3,3,1,1,6,1,2,0.33,1.33,0.5,"['CONSUMER', 'MEDICAL DEVICES']",['Business Services'],,,,FALSE,,High
ACULON INC,0.25,"[12, 2096, 1218]",12,2.67,3,3.94,0.98,[3.0],3,0.12,0.06,0.08,0.32,8,3,1.38,0.62,0.25,0.08,0.17,2,1,1,1,3,0.5,2,0.33,0.83,0.12,"['CONSUMER MEDICAL DEVICES', 'JANSSEN', 'MEDICAL DEVICES']","['Supply Chain Materials and Products', 'R&D']",,Nov-50,Medium,FALSE,,Medium
ACUMEN,1,"[359, 807, 416, 146, 533, 2210, 1084, 1403, 1095]",146,1.58,9,3.09,3.09,,,,0,0.25,0.25,10,1,1,0.36,0.61,0.25,0.36,3,3,1,1,6,1,2,0.33,1.33,0.5,"['CONSUMER', 'CONSUMER MEDICAL DEVICES', 'CORPORATE', 'JANSSEN', 'MEDICAL DEVICES']",['Business Services'],,51-200,High,FALSE,,High
ACUMEN PACKAGING,0.75,[435],435,1.11,1,1.11,0.83,,,,0,0.07,0.09,7,1,0.85,0.25,0.26,0.07,0.19,2,1,1,1,3,0.5,2,0.33,0.83,0.12,['CONSUMER'],['Supply Chain Materials and Products'],,,,FALSE,,Medium
ACUO LIMITED,0.25,[1746],1746,0.5,1,0.5,0.13,,,,0,0.01,0.04,6,1,0.78,0.21,0.06,0.01,0.05,3,3,1,1,6,1,2,0.33,1.33,0.5,['JANSSEN'],['Business Services'],,,,FALSE,,High
ACUREN INSPECTION INC,1,"[358, 401, 2096, 1218]",358,1.19,4,1.91,1.91,[3.0],3,0.12,0.06,0.16,0.16,8,4,1.51,0.7,0.92,0.16,0.76,1,1,1,1,2,0.33,2,0.33,0.67,0,"['CONSUMER', 'JANSSEN', 'MEDICAL DEVICES']","['Capital, Construction and Facility Services', 'R&D']",,10-Jan,Low,FALSE,,Low
ACURO ORGANICS,0.5,[4008],4008,0.14,1,0.14,0.07,,,,0,0.01,0.01,6,1,0.78,0.21,0.11,0.01,0.1,1,1,1,1,2,0.33,2,0.33,0.67,0,['CONSUMER'],['Uncategorized'],,,,FALSE,,Low
ACUSTICA ORLANDI IND C SERV AUD LTD,0.25,[722],722,0.89,1,0.89,0.22,,,,0,0.02,0.07,7,1,0.85,0.25,0.08,0.02,0.06,1,1,1,1,2,0.33,2,0.33,0.67,0,['CONSUMER'],"['Capital, Construction and Facility Services']",,,,FALSE,,Low
ACUTESYSCOM LTD,0.25,"[277, 52]",52,2.03,2,2.64,0.66,,,,0,0.05,0.22,10,1,1,0.36,0.14,0.05,0.09,3,1,1,3,4,0.67,4,0.67,1.33,0.5,['CONSUMER MEDICAL DEVICES'],"['Marketing', 'Business Services']",,,,FALSE,,High
ACXIOM,0.75,[532],532,1.02,1,1.02,0.77,,,,0,0.06,0.08,7,1,0.85,0.25,0.25,0.06,0.19,3,3,1,1,6,1,2,0.33,1.33,0.5,['CONSUMER'],['Marketing'],High,1001-5000,Medium,FALSE,High,High
AD ACOSTA,0.75,[1199],1199,0.67,1,0.67,0.5,,,,0,0.04,0.05,7,1,0.85,0.25,0.23,0.04,0.19,1,1,1,1,2,0.33,2,0.33,0.67,0,['JANSSEN'],['Marketing'],,,,FALSE,,Low
AD ALTIORA,0.25,"[1746, 776]",776,0.86,2,1.11,0.28,,,,0,0.02,0.09,6,1,0.78,0.21,0.07,0.02,0.05,3,3,1,1,6,1,2,0.33,1.33,0.5,['JANSSEN'],['Business Services'],,,,FALSE,,High
AD ART STUDIOS,1,"[621, 970, 49]",49,2.06,3,3.04,3.04,,,,0,0.25,0.25,7,3,1.32,0.58,0.82,0.25,0.58,2,1,1,1,3,0.5,2,0.33,0.83,0.12,['MEDICAL DEVICES'],"['Marketing', 'Capital, Construction and Facility Services', 'Supply Chain Materials and Products']",,10-Jan,Low,FALSE,,High
AD AURUM INTEGRATED MARKETING,1,[393],393,1.15,1,1.15,1.15,,,,0,0.09,0.09,7,1,0.85,0.25,0.35,0.09,0.25,1,1,1,1,2,0.33,2,0.33,0.67,0,['CONSUMER'],['Marketing'],,,,FALSE,,Low
AD BROWN MEDCHEM CONSULTING LIMITED,0.5,"[1746, 292]",292,1.28,2,1.67,0.83,,,,0,0.07,0.14,8,1,0.9,0.29,0.21,0.07,0.15,3,3,1,1,6,1,2,0.33,1.33,0.5,['JANSSEN'],"['Business Services', 'R&D']",,,,FALSE,,High
AD CREATES INC,0.5,"[532, 848, 722, 394, 393, 504, 138]",138,1.61,7,2.96,1.48,,,,0,0.12,0.24,7,3,1.32,0.58,0.41,0.12,0.29,1,1,1,1,2,0.33,2,0.33,0.67,0,['CONSUMER'],['Marketing'],,,,FALSE,,Low
AD CROSS,0.5,"[325, 782, 1310, 1076, 1024, 662]",325,1.23,6,2.2,1.1,"[3.0, 3.0, 3.0]",3,0.6,0.29,0.09,0.18,8,1,0.9,0.29,0.38,0.09,0.29,1,1,1,1,2,0.33,2,0.33,0.67,0,['JANSSEN'],"['Capital, Construction and Facility Services', 'Marketing']",,,,FALSE,,Low
